{
    "input_folder": {
        "foreground_mean": {
            "Dice": 0.882481963330046,
            "FN": 2470.19,
            "FP": 1437.685,
            "IoU": 0.8020320381631754,
            "TN": 110053856.715,
            "TP": 18203.41,
            "n_pred": 19641.095,
            "n_ref": 20673.6
        },
        "mean": {
            "1": {
                "Dice": 0.882481963330046,
                "FN": 2470.19,
                "FP": 1437.685,
                "IoU": 0.8020320381631754,
                "TN": 110053856.715,
                "TP": 18203.41,
                "n_pred": 19641.095,
                "n_ref": 20673.6
            }
        }
    },
    "postprocessed": {
        "foreground_mean": {
            "Dice": 0.882481963330046,
            "FN": 2470.19,
            "FP": 1437.685,
            "IoU": 0.8020320381631754,
            "TN": 110053856.715,
            "TP": 18203.41,
            "n_pred": 19641.095,
            "n_ref": 20673.6
        },
        "mean": {
            "1": {
                "Dice": 0.882481963330046,
                "FN": 2470.19,
                "FP": 1437.685,
                "IoU": 0.8020320381631754,
                "TN": 110053856.715,
                "TP": 18203.41,
                "n_pred": 19641.095,
                "n_ref": 20673.6
            }
        }
    },
    "postprocessing_fns": [],
    "postprocessing_kwargs": []
}